<?xml version="1.0" encoding="UTF-8"?>
<!DOCTYPE AttributeServer>
<Profile Version="1.3">
    <SetupId>0</SetupId>
    <Device>nRF8001_Dx</Device>
    <Service Type="local" PrimaryService="true">
        <Name>BLEShield</Name>
        <Uuid BaseUUID="713d0000503e4c75ba943148f18d941e" BaseUUIDName="BLE Shield">0000</Uuid>
        <Characteristic>
            <Name>Vendor_Name</Name>
            <Uuid BaseUUID="713d0000503e4c75ba943148f18d941e" BaseUUIDName="BLE Shield">0001</Uuid>
            <DefaultValue></DefaultValue>
            <UsePresentationFormat>0</UsePresentationFormat>
            <UserDescription></UserDescription>
            <MaxDataLength>20</MaxDataLength>
            <AttributeLenType>2</AttributeLenType>
            <ForceOpen>false</ForceOpen>
            <Properties>
                <WriteWithoutResponse>false</WriteWithoutResponse>
                <Write>false</Write>
                <Notify>false</Notify>
                <Indicate>false</Indicate>
                <Broadcast>false</Broadcast>
            </Properties>
            <SetPipe>true</SetPipe>
            <AckIsAuto>false</AckIsAuto>
            <PresentationFormatDescriptor Value="0000" Exponent="0" Format="1" NameSpace="01" Unit="0000"/>
            <PeriodForReadingThisCharacteristic>0</PeriodForReadingThisCharacteristic>
            <PeriodForProperties/>
        </Characteristic>
        <Characteristic>
            <Name>RX_Data</Name>
            <Uuid BaseUUID="713d0000503e4c75ba943148f18d941e" BaseUUIDName="BLE Shield">0002</Uuid>
            <DefaultValue></DefaultValue>
            <UsePresentationFormat>0</UsePresentationFormat>
            <UserDescription></UserDescription>
            <MaxDataLength>20</MaxDataLength>
            <AttributeLenType>2</AttributeLenType>
            <ForceOpen>false</ForceOpen>
            <Properties>
                <WriteWithoutResponse>false</WriteWithoutResponse>
                <Write>false</Write>
                <Notify>true</Notify>
                <Indicate>false</Indicate>
                <Broadcast>false</Broadcast>
            </Properties>
            <SetPipe>false</SetPipe>
            <AckIsAuto>false</AckIsAuto>
            <PresentationFormatDescriptor Value="0000" Exponent="0" Format="1" NameSpace="01" Unit="0000"/>
            <PeriodForReadingThisCharacteristic>0</PeriodForReadingThisCharacteristic>
            <PeriodForProperties/>
        </Characteristic>
        <Characteristic>
            <Name>TX_Data</Name>
            <Uuid BaseUUID="713d0000503e4c75ba943148f18d941e" BaseUUIDName="BLE Shield">0003</Uuid>
            <DefaultValue></DefaultValue>
            <UsePresentationFormat>0</UsePresentationFormat>
            <UserDescription></UserDescription>
            <MaxDataLength>20</MaxDataLength>
            <AttributeLenType>2</AttributeLenType>
            <ForceOpen>false</ForceOpen>
            <Properties>
                <WriteWithoutResponse>true</WriteWithoutResponse>
                <Write>false</Write>
                <Notify>false</Notify>
                <Indicate>false</Indicate>
                <Broadcast>false</Broadcast>
            </Properties>
            <SetPipe>false</SetPipe>
            <AckIsAuto>false</AckIsAuto>
            <PresentationFormatDescriptor Value="0000" Exponent="0" Format="1" NameSpace="01" Unit="0000"/>
            <PeriodForReadingThisCharacteristic>0</PeriodForReadingThisCharacteristic>
            <PeriodForProperties/>
        </Characteristic>
        <Characteristic>
            <Name>ResetWrite</Name>
            <Uuid BaseUUID="713d0000503e4c75ba943148f18d941e" BaseUUIDName="BLE Shield">0004</Uuid>
            <DefaultValue></DefaultValue>
            <UsePresentationFormat>0</UsePresentationFormat>
            <UserDescription></UserDescription>
            <MaxDataLength>1</MaxDataLength>
            <AttributeLenType>1</AttributeLenType>
            <ForceOpen>false</ForceOpen>
            <Properties>
                <WriteWithoutResponse>true</WriteWithoutResponse>
                <Write>false</Write>
                <Notify>false</Notify>
                <Indicate>false</Indicate>
                <Broadcast>false</Broadcast>
            </Properties>
            <SetPipe>false</SetPipe>
            <AckIsAuto>false</AckIsAuto>
            <PresentationFormatDescriptor Value="0000" Exponent="0" Format="1" NameSpace="01" Unit="0000"/>
            <PeriodForReadingThisCharacteristic>0</PeriodForReadingThisCharacteristic>
            <PeriodForProperties/>
        </Characteristic>
        <Characteristic>
            <Name>Lib_Ver</Name>
            <Uuid BaseUUID="713d0000503e4c75ba943148f18d941e" BaseUUIDName="BLE Shield">0005</Uuid>
            <DefaultValue>0201</DefaultValue>
            <UsePresentationFormat>0</UsePresentationFormat>
            <UserDescription></UserDescription>
            <MaxDataLength>2</MaxDataLength>
            <AttributeLenType>1</AttributeLenType>
            <ForceOpen>false</ForceOpen>
            <Properties>
                <WriteWithoutResponse>false</WriteWithoutResponse>
                <Write>false</Write>
                <Notify>false</Notify>
                <Indicate>false</Indicate>
                <Broadcast>false</Broadcast>
            </Properties>
            <SetPipe>true</SetPipe>
            <AckIsAuto>false</AckIsAuto>
            <PresentationFormatDescriptor Value="0000" Exponent="0" Format="1" NameSpace="01" Unit="0000"/>
            <PeriodForReadingThisCharacteristic>0</PeriodForReadingThisCharacteristic>
            <PeriodForProperties/>
        </Characteristic>
    </Service>
    <Gapsettings>
        <Name>BLE Shield</Name>
        <DeviceNameWriteLength>16</DeviceNameWriteLength>
        <DeviceNameShortLength>1</DeviceNameShortLength>
        <Apperance>0d0e</Apperance>
        <SecurityLevel>0</SecurityLevel>
        <AuthenticationReq>0</AuthenticationReq>
        <IoCapabilities>0</IoCapabilities>
        <BondTimeout>600</BondTimeout>
        <SecurityRequestDelay>0</SecurityRequestDelay>
        <MinimumKeySize>7</MinimumKeySize>
        <MaximumKeySize>16</MaximumKeySize>
        <AdvertisingDataBondedBitmap>0</AdvertisingDataBondedBitmap>
        <AdvertisingDataGeneralBitmap>10</AdvertisingDataGeneralBitmap>
        <AdvertisingDataBrodcastBitmap>10</AdvertisingDataBrodcastBitmap>
        <AdvertisingDataBondedScanResponseBitmap>0</AdvertisingDataBondedScanResponseBitmap>
        <AdvertisingDataGeneralScanResponseBitmap>a</AdvertisingDataGeneralScanResponseBitmap>
        <AdvertisingDataBrodcastScanResponseBitmap>0</AdvertisingDataBrodcastScanResponseBitmap>
        <AdvertisingDataBondedBitmapCustom>0</AdvertisingDataBondedBitmapCustom>
        <AdvertisingDataGeneralBitmapCustom>0</AdvertisingDataGeneralBitmapCustom>
        <AdvertisingDataBrodcastBitmapCustom>0</AdvertisingDataBrodcastBitmapCustom>
        <AdvertisingDataBondedScanResponseBitmapCustom>0</AdvertisingDataBondedScanResponseBitmapCustom>
        <AdvertisingDataGeneralScanResponseBitmapCustom>0</AdvertisingDataGeneralScanResponseBitmapCustom>
        <AdvertisingDataBrodcastScanResponseBitmapCustom>0</AdvertisingDataBrodcastScanResponseBitmapCustom>
        <TxPowerLevelOffset>0</TxPowerLevelOffset>
        <MinimumConnectionInterval>6</MinimumConnectionInterval>
        <MaximumConnectionInterval>6</MaximumConnectionInterval>
        <SlaveLatency>0</SlaveLatency>
        <TimeoutMultipler>600</TimeoutMultipler>
        <ServiceToAdvertise>
            <Uuid BaseUUID="713d0000503e4c75ba943148f18d941e" BaseUUIDName="BLE Shield">0000</Uuid>
        </ServiceToAdvertise>
        <CustomAdTypes>
            <AdType index="1">
                <Type>19</Type>
                <Value>0000</Value>
            </AdType>
            <AdType index="2">
                <Type>18</Type>
                <Value></Value>
            </AdType>
        </CustomAdTypes>
    </Gapsettings>
    <Hardwaresettings>
        <Clocksource>1</Clocksource>
        <ClockAccuracy>1</ClockAccuracy>
        <InitialTxPower>3</InitialTxPower>
        <HfClkSource>0</HfClkSource>
        <DcDcConverter>0</DcDcConverter>
        <ActiveSignalModeIndex>0</ActiveSignalModeIndex>
        <ActiveSignalToTickDistance>0</ActiveSignalToTickDistance>
        <DynamicWindowLimitingEnabled>true</DynamicWindowLimitingEnabled>
    </Hardwaresettings>
    <CurrentInput>
        <BatteryCharge>220</BatteryCharge>
        <Master32KhzClockAccuracy>10</Master32KhzClockAccuracy>
        <ConnectionInterval>1000</ConnectionInterval>
        <PercentOfTimeSleeping>10</PercentOfTimeSleeping>
        <PercentOfTimeAdvertising>10</PercentOfTimeAdvertising>
        <AdvertisingInterval>1280</AdvertisingInterval>
    </CurrentInput>
</Profile>

